user_id,user_name,user_email
1,user_1,user_1@example.com
2,user_2,user_2@example.com
3,user_3,user_3@example.com
4,user_4,user_4@example.com
5,user_5,user_5@example.com
6,user_6,user_6@example.com
7,user_7,user_7@example.com
8,user_8,user_8@example.com
9,user_9,user_9@example.com
10,user_10,user_10@example.com
11,user_11,user_11@example.com
12,user_12,user_12@example.com
13,user_13,user_13@example.com
14,user_14,user_14@example.com
15,user_15,user_15@example.com
16,user_16,user_16@example.com
17,user_17,user_17@example.com
18,user_18,user_18@example.com
19,user_19,user_19@example.com
20,user_20,user_20@example.com
21,user_21,user_21@example.com
22,user_22,user_22@example.com
23,user_23,user_23@example.com
24,user_24,user_24@example.com
25,user_25,user_25@example.com
26,user_26,user_26@example.com
27,user_27,user_27@example.com
28,user_28,user_28@example.com
29,user_29,user_29@example.com
30,user_30,user_30@example.com
31,user_31,user_31@example.com
32,user_32,user_32@example.com
33,user_33,user_33@example.com
34,user_34,user_34@example.com
35,user_35,user_35@example.com
36,user_36,user_36@example.com
37,user_37,user_37@example.com
38,user_38,user_38@example.com
39,user_39,user_39@example.com
40,user_40,user_40@example.com
41,user_41,user_41@example.com
42,user_42,user_42@example.com
43,user_43,user_43@example.com
44,user_44,user_44@example.com
45,user_45,user_45@example.com
46,user_46,user_46@example.com
47,user_47,user_47@example.com
48,user_48,user_48@example.com
49,user_49,user_49@example.com
50,user_50,user_50@example.com
51,user_51,user_51@example.com
52,user_52,user_52@example.com
53,user_53,user_53@example.com
54,user_54,user_54@example.com
55,user_55,user_55@example.com
56,user_56,user_56@example.com
57,user_57,user_57@example.com
58,user_58,user_58@example.com
59,user_59,user_59@example.com
60,user_60,user_60@example.com
61,user_61,user_61@example.com
62,user_62,user_62@example.com
63,user_63,user_63@example.com
64,user_64,user_64@example.com
65,user_65,user_65@example.com
66,user_66,user_66@example.com
67,user_67,user_67@example.com
68,user_68,user_68@example.com
69,user_69,user_69@example.com
70,user_70,user_70@example.com
71,user_71,user_71@example.com
72,user_72,user_72@example.com
73,user_73,user_73@example.com
74,user_74,user_74@example.com
75,user_75,user_75@example.com
76,user_76,user_76@example.com
77,user_77,user_77@example.com
78,user_78,user_78@example.com
79,user_79,user_79@example.com
80,user_80,user_80@example.com
81,user_81,user_81@example.com
82,user_82,user_82@example.com
83,user_83,user_83@example.com
84,user_84,user_84@example.com
85,user_85,user_85@example.com
86,user_86,user_86@example.com
87,user_87,user_87@example.com
88,user_88,user_88@example.com
89,user_89,user_89@example.com
90,user_90,user_90@example.com
91,user_91,user_91@example.com
92,user_92,user_92@example.com
93,user_93,user_93@example.com
94,user_94,user_94@example.com
95,user_95,user_95@example.com
96,user_96,user_96@example.com
97,user_97,user_97@example.com
98,user_98,user_98@example.com
99,user_99,user_99@example.com
100,user_100,user_100@example.com
